timestamp,expiry_date,expiry_timestamp,strike,implied_volatility,option_type,instrument_name
2025-08-16T22:39:30.056920,2025-08-17,1755417600000,110000.0,55.75,call,BTC-17AUG25-110000-C
2025-08-16T22:39:31.049992,2025-08-17,1755417600000,112000.0,53.27,call,BTC-17AUG25-112000-C
2025-08-16T22:39:32.049936,2025-08-17,1755417600000,114000.0,38.31,call,BTC-17AUG25-114000-C
2025-08-16T22:39:33.032729,2025-08-17,1755417600000,115000.0,30.61,call,BTC-17AUG25-115000-C
2025-08-16T22:39:34.013969,2025-08-17,1755417600000,116000.0,23.43,call,BTC-17AUG25-116000-C
2025-08-16T22:39:35.683740,2025-08-17,1755417600000,117000.0,18.01,call,BTC-17AUG25-117000-C
2025-08-16T22:39:37.339511,2025-08-17,1755417600000,118000.0,14.43,call,BTC-17AUG25-118000-C
2025-08-16T22:39:38.342104,2025-08-17,1755417600000,119000.0,18.7,call,BTC-17AUG25-119000-C
2025-08-16T22:39:39.304738,2025-08-17,1755417600000,120000.0,23.11,call,BTC-17AUG25-120000-C
2025-08-16T22:39:40.280126,2025-08-17,1755417600000,121000.0,25.74,call,BTC-17AUG25-121000-C
2025-08-16T22:39:41.940690,2025-08-17,1755417600000,122000.0,32.24,call,BTC-17AUG25-122000-C
2025-08-16T22:39:42.935388,2025-08-17,1755417600000,123000.0,37.46,call,BTC-17AUG25-123000-C
2025-08-16T22:39:43.924701,2025-08-17,1755417600000,124000.0,38.06,call,BTC-17AUG25-124000-C
2025-08-16T22:39:44.910315,2025-08-17,1755417600000,125000.0,41.27,call,BTC-17AUG25-125000-C
2025-08-16T22:39:46.642572,2025-08-17,1755417600000,126000.0,45.75,call,BTC-17AUG25-126000-C
2025-08-16T22:39:47.622891,2025-08-17,1755417600000,128000.0,50.71,call,BTC-17AUG25-128000-C
2025-08-16T22:39:48.601520,2025-08-17,1755417600000,130000.0,51.01,call,BTC-17AUG25-130000-C
2025-08-16T22:39:49.622192,2025-08-17,1755417600000,110000.0,55.75,put,BTC-17AUG25-110000-P
2025-08-16T22:39:50.621614,2025-08-17,1755417600000,112000.0,53.28,put,BTC-17AUG25-112000-P
2025-08-16T22:39:51.663113,2025-08-17,1755417600000,114000.0,38.31,put,BTC-17AUG25-114000-P
2025-08-16T22:39:52.660014,2025-08-17,1755417600000,115000.0,30.61,put,BTC-17AUG25-115000-P
2025-08-16T22:39:53.636931,2025-08-17,1755417600000,116000.0,23.42,put,BTC-17AUG25-116000-P
2025-08-16T22:39:54.658034,2025-08-17,1755417600000,117000.0,18.01,put,BTC-17AUG25-117000-P
2025-08-16T22:39:55.645626,2025-08-17,1755417600000,118000.0,14.43,put,BTC-17AUG25-118000-P
2025-08-16T22:39:56.677422,2025-08-17,1755417600000,119000.0,18.71,put,BTC-17AUG25-119000-P
2025-08-16T22:39:57.677973,2025-08-17,1755417600000,120000.0,23.12,put,BTC-17AUG25-120000-P
2025-08-16T22:39:58.691146,2025-08-17,1755417600000,121000.0,25.74,put,BTC-17AUG25-121000-P
2025-08-16T22:39:59.691741,2025-08-17,1755417600000,122000.0,32.24,put,BTC-17AUG25-122000-P
2025-08-16T22:40:00.699724,2025-08-17,1755417600000,123000.0,37.46,put,BTC-17AUG25-123000-P
2025-08-16T22:40:01.687872,2025-08-17,1755417600000,124000.0,38.06,put,BTC-17AUG25-124000-P
2025-08-16T22:40:02.662747,2025-08-17,1755417600000,125000.0,41.27,put,BTC-17AUG25-125000-P
2025-08-16T22:40:03.648957,2025-08-17,1755417600000,126000.0,45.75,put,BTC-17AUG25-126000-P
2025-08-16T22:40:04.679195,2025-08-17,1755417600000,128000.0,50.71,put,BTC-17AUG25-128000-P
2025-08-16T22:40:05.679093,2025-08-17,1755417600000,130000.0,51.01,put,BTC-17AUG25-130000-P
2025-08-16T22:40:06.711180,2025-08-18,1755504000000,110000.0,46.61,call,BTC-18AUG25-110000-C
2025-08-16T22:40:09.747187,2025-08-18,1755504000000,112000.0,38.85,call,BTC-18AUG25-112000-C
2025-08-16T22:40:10.762004,2025-08-18,1755504000000,114000.0,30.98,call,BTC-18AUG25-114000-C
2025-08-16T22:40:11.753897,2025-08-18,1755504000000,115000.0,26.53,call,BTC-18AUG25-115000-C
2025-08-16T22:40:14.742791,2025-08-18,1755504000000,116000.0,23.39,call,BTC-18AUG25-116000-C
2025-08-16T22:40:15.742842,2025-08-18,1755504000000,117000.0,21.34,call,BTC-18AUG25-117000-C
2025-08-16T22:40:16.732385,2025-08-18,1755504000000,118000.0,19.36,call,BTC-18AUG25-118000-C
2025-08-16T22:40:17.736763,2025-08-18,1755504000000,119000.0,19.3,call,BTC-18AUG25-119000-C
2025-08-16T22:40:18.784567,2025-08-18,1755504000000,120000.0,20.24,call,BTC-18AUG25-120000-C
2025-08-16T22:40:19.783326,2025-08-18,1755504000000,121000.0,22.83,call,BTC-18AUG25-121000-C
2025-08-16T22:40:20.801718,2025-08-18,1755504000000,122000.0,25.95,call,BTC-18AUG25-122000-C
2025-08-16T22:40:21.771353,2025-08-18,1755504000000,123000.0,30.51,call,BTC-18AUG25-123000-C
2025-08-16T22:40:22.748325,2025-08-18,1755504000000,124000.0,31.84,call,BTC-18AUG25-124000-C
2025-08-16T22:40:23.785119,2025-08-18,1755504000000,126000.0,39.74,call,BTC-18AUG25-126000-C
2025-08-16T22:40:24.760674,2025-08-18,1755504000000,110000.0,46.61,put,BTC-18AUG25-110000-P
2025-08-16T22:40:25.762683,2025-08-18,1755504000000,112000.0,38.84,put,BTC-18AUG25-112000-P
2025-08-16T22:40:26.768269,2025-08-18,1755504000000,114000.0,30.98,put,BTC-18AUG25-114000-P
2025-08-16T22:40:27.744125,2025-08-18,1755504000000,115000.0,26.53,put,BTC-18AUG25-115000-P
2025-08-16T22:40:28.731971,2025-08-18,1755504000000,116000.0,23.39,put,BTC-18AUG25-116000-P
2025-08-16T22:40:29.716546,2025-08-18,1755504000000,117000.0,21.34,put,BTC-18AUG25-117000-P
2025-08-16T22:40:30.734261,2025-08-18,1755504000000,118000.0,19.36,put,BTC-18AUG25-118000-P
2025-08-16T22:40:31.709395,2025-08-18,1755504000000,119000.0,19.3,put,BTC-18AUG25-119000-P
2025-08-16T22:40:32.691955,2025-08-18,1755504000000,120000.0,20.25,put,BTC-18AUG25-120000-P
2025-08-16T22:40:33.693632,2025-08-18,1755504000000,121000.0,22.83,put,BTC-18AUG25-121000-P
2025-08-16T22:40:34.693822,2025-08-18,1755504000000,122000.0,25.96,put,BTC-18AUG25-122000-P
2025-08-16T22:40:35.671155,2025-08-18,1755504000000,123000.0,30.49,put,BTC-18AUG25-123000-P
2025-08-16T22:40:36.670847,2025-08-18,1755504000000,124000.0,31.84,put,BTC-18AUG25-124000-P
2025-08-16T22:40:37.663800,2025-08-18,1755504000000,126000.0,39.74,put,BTC-18AUG25-126000-P
2025-08-16T22:40:38.659721,2025-08-19,1755590400000,110000.0,41.52,call,BTC-19AUG25-110000-C
2025-08-16T22:40:39.662418,2025-08-19,1755590400000,112000.0,36.65,call,BTC-19AUG25-112000-C
2025-08-16T22:40:40.695065,2025-08-19,1755590400000,114000.0,30.64,call,BTC-19AUG25-114000-C
2025-08-16T22:40:41.692083,2025-08-19,1755590400000,115000.0,28.49,call,BTC-19AUG25-115000-C
2025-08-16T22:40:42.702844,2025-08-19,1755590400000,116000.0,26.7,call,BTC-19AUG25-116000-C
2025-08-16T22:40:43.691009,2025-08-19,1755590400000,117000.0,24.99,call,BTC-19AUG25-117000-C
2025-08-16T22:40:44.685009,2025-08-19,1755590400000,118000.0,24.34,call,BTC-19AUG25-118000-C
2025-08-16T22:40:45.686409,2025-08-19,1755590400000,119000.0,23.87,call,BTC-19AUG25-119000-C
2025-08-16T22:40:46.656622,2025-08-19,1755590400000,120000.0,24.44,call,BTC-19AUG25-120000-C
2025-08-16T22:40:47.725336,2025-08-19,1755590400000,121000.0,25.47,call,BTC-19AUG25-121000-C
2025-08-16T22:40:48.709589,2025-08-19,1755590400000,122000.0,27.12,call,BTC-19AUG25-122000-C
2025-08-16T22:40:49.660839,2025-08-19,1755590400000,124000.0,29.53,call,BTC-19AUG25-124000-C
2025-08-16T22:40:50.633766,2025-08-19,1755590400000,110000.0,41.54,put,BTC-19AUG25-110000-P
2025-08-16T22:40:51.606928,2025-08-19,1755590400000,112000.0,36.65,put,BTC-19AUG25-112000-P
2025-08-16T22:40:52.590021,2025-08-19,1755590400000,114000.0,30.64,put,BTC-19AUG25-114000-P
2025-08-16T22:40:53.583264,2025-08-19,1755590400000,115000.0,28.49,put,BTC-19AUG25-115000-P
2025-08-16T22:40:54.550199,2025-08-19,1755590400000,116000.0,26.7,put,BTC-19AUG25-116000-P
2025-08-16T22:40:55.586267,2025-08-19,1755590400000,117000.0,24.99,put,BTC-19AUG25-117000-P
2025-08-16T22:40:56.578592,2025-08-19,1755590400000,118000.0,24.35,put,BTC-19AUG25-118000-P
2025-08-16T22:40:57.544828,2025-08-19,1755590400000,119000.0,23.87,put,BTC-19AUG25-119000-P
2025-08-16T22:40:58.543594,2025-08-19,1755590400000,120000.0,24.44,put,BTC-19AUG25-120000-P
2025-08-16T22:40:59.536862,2025-08-19,1755590400000,121000.0,25.47,put,BTC-19AUG25-121000-P
2025-08-16T22:41:00.534238,2025-08-19,1755590400000,122000.0,27.13,put,BTC-19AUG25-122000-P
2025-08-16T22:41:02.570389,2025-08-19,1755590400000,124000.0,29.53,put,BTC-19AUG25-124000-P
2025-08-16T22:41:03.698498,2025-08-22,1755849600000,90000.0,85.89,call,BTC-22AUG25-90000-C
2025-08-16T22:41:04.686501,2025-08-22,1755849600000,95000.0,72.57,call,BTC-22AUG25-95000-C
2025-08-16T22:41:05.656736,2025-08-22,1755849600000,100000.0,61.58,call,BTC-22AUG25-100000-C
2025-08-16T22:41:06.665931,2025-08-22,1755849600000,102000.0,57.18,call,BTC-22AUG25-102000-C
2025-08-16T22:41:07.689761,2025-08-22,1755849600000,104000.0,53.31,call,BTC-22AUG25-104000-C
2025-08-16T22:41:08.675605,2025-08-22,1755849600000,105000.0,51.53,call,BTC-22AUG25-105000-C
2025-08-16T22:41:09.683688,2025-08-22,1755849600000,106000.0,49.86,call,BTC-22AUG25-106000-C
2025-08-16T22:41:10.666651,2025-08-22,1755849600000,108000.0,45.81,call,BTC-22AUG25-108000-C
2025-08-16T22:41:11.661141,2025-08-22,1755849600000,109000.0,43.75,call,BTC-22AUG25-109000-C
2025-08-16T22:41:12.650684,2025-08-22,1755849600000,110000.0,41.88,call,BTC-22AUG25-110000-C
2025-08-16T22:41:13.622590,2025-08-22,1755849600000,111000.0,39.96,call,BTC-22AUG25-111000-C
2025-08-16T22:41:14.601543,2025-08-22,1755849600000,112000.0,37.79,call,BTC-22AUG25-112000-C
2025-08-16T22:41:15.638168,2025-08-22,1755849600000,113000.0,35.97,call,BTC-22AUG25-113000-C
2025-08-16T22:41:16.634928,2025-08-22,1755849600000,114000.0,34.39,call,BTC-22AUG25-114000-C
2025-08-16T22:41:17.630069,2025-08-22,1755849600000,115000.0,32.87,call,BTC-22AUG25-115000-C
2025-08-16T22:41:18.631459,2025-08-22,1755849600000,116000.0,31.3,call,BTC-22AUG25-116000-C
2025-08-16T22:41:19.627964,2025-08-22,1755849600000,117000.0,30.09,call,BTC-22AUG25-117000-C
2025-08-16T22:41:20.638214,2025-08-22,1755849600000,118000.0,29.29,call,BTC-22AUG25-118000-C
2025-08-16T22:41:21.600537,2025-08-22,1755849600000,119000.0,28.91,call,BTC-22AUG25-119000-C
2025-08-16T22:41:22.635086,2025-08-22,1755849600000,120000.0,28.9,call,BTC-22AUG25-120000-C
2025-08-16T22:41:23.615660,2025-08-22,1755849600000,121000.0,29.01,call,BTC-22AUG25-121000-C
2025-08-16T22:41:24.620851,2025-08-22,1755849600000,122000.0,29.02,call,BTC-22AUG25-122000-C
2025-08-16T22:41:25.660772,2025-08-22,1755849600000,123000.0,29.44,call,BTC-22AUG25-123000-C
2025-08-16T22:41:26.681479,2025-08-22,1755849600000,124000.0,30.57,call,BTC-22AUG25-124000-C
2025-08-16T22:41:27.681988,2025-08-22,1755849600000,125000.0,31.37,call,BTC-22AUG25-125000-C
2025-08-16T22:41:28.783846,2025-08-22,1755849600000,126000.0,32.48,call,BTC-22AUG25-126000-C
2025-08-16T22:41:29.761538,2025-08-22,1755849600000,127000.0,33.97,call,BTC-22AUG25-127000-C
2025-08-16T22:41:30.743905,2025-08-22,1755849600000,128000.0,35.74,call,BTC-22AUG25-128000-C
2025-08-16T22:41:31.743254,2025-08-22,1755849600000,129000.0,37.29,call,BTC-22AUG25-129000-C
2025-08-16T22:41:32.849912,2025-08-22,1755849600000,130000.0,38.49,call,BTC-22AUG25-130000-C
2025-08-16T22:41:33.877802,2025-08-22,1755849600000,132000.0,40.7,call,BTC-22AUG25-132000-C
2025-08-16T22:41:34.903036,2025-08-22,1755849600000,135000.0,45.71,call,BTC-22AUG25-135000-C
2025-08-16T22:41:35.879046,2025-08-22,1755849600000,140000.0,56.06,call,BTC-22AUG25-140000-C
2025-08-16T22:41:36.855583,2025-08-22,1755849600000,145000.0,63.54,call,BTC-22AUG25-145000-C
2025-08-16T22:41:37.846095,2025-08-22,1755849600000,150000.0,63.67,call,BTC-22AUG25-150000-C
2025-08-16T22:41:38.888835,2025-08-22,1755849600000,155000.0,63.93,call,BTC-22AUG25-155000-C
2025-08-16T22:41:39.902679,2025-08-22,1755849600000,160000.0,68.09,call,BTC-22AUG25-160000-C
2025-08-16T22:41:40.885235,2025-08-22,1755849600000,165000.0,68.16,call,BTC-22AUG25-165000-C
2025-08-16T22:41:41.885940,2025-08-22,1755849600000,90000.0,85.89,put,BTC-22AUG25-90000-P
2025-08-16T22:41:42.872557,2025-08-22,1755849600000,95000.0,72.59,put,BTC-22AUG25-95000-P
2025-08-16T22:41:43.878933,2025-08-22,1755849600000,100000.0,61.6,put,BTC-22AUG25-100000-P
2025-08-16T22:41:45.551483,2025-08-22,1755849600000,102000.0,57.18,put,BTC-22AUG25-102000-P
2025-08-16T22:41:46.577993,2025-08-22,1755849600000,104000.0,53.31,put,BTC-22AUG25-104000-P
2025-08-16T22:41:47.631309,2025-08-22,1755849600000,105000.0,51.52,put,BTC-22AUG25-105000-P
2025-08-16T22:41:48.614056,2025-08-22,1755849600000,106000.0,49.84,put,BTC-22AUG25-106000-P
2025-08-16T22:41:49.735527,2025-08-22,1755849600000,108000.0,45.81,put,BTC-22AUG25-108000-P
2025-08-16T22:41:50.699586,2025-08-22,1755849600000,109000.0,43.75,put,BTC-22AUG25-109000-P
2025-08-16T22:41:51.689295,2025-08-22,1755849600000,110000.0,41.88,put,BTC-22AUG25-110000-P
2025-08-16T22:41:52.694789,2025-08-22,1755849600000,111000.0,39.96,put,BTC-22AUG25-111000-P
2025-08-16T22:41:53.707500,2025-08-22,1755849600000,112000.0,37.79,put,BTC-22AUG25-112000-P
2025-08-16T22:41:54.647161,2025-08-22,1755849600000,113000.0,35.97,put,BTC-22AUG25-113000-P
2025-08-16T22:41:55.599505,2025-08-22,1755849600000,114000.0,34.4,put,BTC-22AUG25-114000-P
2025-08-16T22:41:56.607470,2025-08-22,1755849600000,115000.0,32.88,put,BTC-22AUG25-115000-P
2025-08-16T22:41:57.606707,2025-08-22,1755849600000,116000.0,31.31,put,BTC-22AUG25-116000-P
2025-08-16T22:42:00.587922,2025-08-22,1755849600000,117000.0,30.09,put,BTC-22AUG25-117000-P
2025-08-16T22:42:01.538591,2025-08-22,1755849600000,118000.0,29.3,put,BTC-22AUG25-118000-P
2025-08-16T22:42:02.581484,2025-08-22,1755849600000,119000.0,28.9,put,BTC-22AUG25-119000-P
2025-08-16T22:42:03.679157,2025-08-22,1755849600000,120000.0,28.9,put,BTC-22AUG25-120000-P
2025-08-16T22:42:04.692954,2025-08-22,1755849600000,121000.0,29.02,put,BTC-22AUG25-121000-P
2025-08-16T22:42:05.728538,2025-08-22,1755849600000,122000.0,29.03,put,BTC-22AUG25-122000-P
2025-08-16T22:42:06.765457,2025-08-22,1755849600000,123000.0,29.45,put,BTC-22AUG25-123000-P
2025-08-16T22:42:07.754632,2025-08-22,1755849600000,124000.0,30.58,put,BTC-22AUG25-124000-P
2025-08-16T22:42:08.752049,2025-08-22,1755849600000,125000.0,31.38,put,BTC-22AUG25-125000-P
2025-08-16T22:42:09.727072,2025-08-22,1755849600000,126000.0,32.49,put,BTC-22AUG25-126000-P
2025-08-16T22:42:10.722373,2025-08-22,1755849600000,127000.0,33.98,put,BTC-22AUG25-127000-P
2025-08-16T22:42:11.674194,2025-08-22,1755849600000,128000.0,35.75,put,BTC-22AUG25-128000-P
2025-08-16T22:42:12.693869,2025-08-22,1755849600000,129000.0,37.3,put,BTC-22AUG25-129000-P
2025-08-16T22:42:13.661326,2025-08-22,1755849600000,130000.0,38.5,put,BTC-22AUG25-130000-P
2025-08-16T22:42:14.650601,2025-08-22,1755849600000,132000.0,40.7,put,BTC-22AUG25-132000-P
2025-08-16T22:42:15.637837,2025-08-22,1755849600000,135000.0,45.72,put,BTC-22AUG25-135000-P
2025-08-16T22:42:16.666867,2025-08-22,1755849600000,140000.0,56.06,put,BTC-22AUG25-140000-P
2025-08-16T22:42:17.684128,2025-08-22,1755849600000,145000.0,63.54,put,BTC-22AUG25-145000-P
2025-08-16T22:42:20.660673,2025-08-22,1755849600000,150000.0,63.67,put,BTC-22AUG25-150000-P
2025-08-16T22:42:21.662772,2025-08-22,1755849600000,155000.0,63.93,put,BTC-22AUG25-155000-P
2025-08-16T22:42:22.648994,2025-08-22,1755849600000,160000.0,68.09,put,BTC-22AUG25-160000-P
2025-08-16T22:42:23.610163,2025-08-22,1755849600000,165000.0,68.16,put,BTC-22AUG25-165000-P
2025-08-16T22:42:24.599975,2025-08-29,1756454400000,40000.0,145.32,call,BTC-29AUG25-40000-C
2025-08-16T22:42:25.628344,2025-08-29,1756454400000,50000.0,127.89,call,BTC-29AUG25-50000-C
2025-08-16T22:42:26.618767,2025-08-29,1756454400000,60000.0,124.4,call,BTC-29AUG25-60000-C
2025-08-16T22:42:27.651555,2025-08-29,1756454400000,70000.0,103.19,call,BTC-29AUG25-70000-C
2025-08-16T22:42:28.630557,2025-08-29,1756454400000,80000.0,84.18,call,BTC-29AUG25-80000-C
2025-08-16T22:42:29.587717,2025-08-29,1756454400000,85000.0,76.57,call,BTC-29AUG25-85000-C
2025-08-16T22:42:30.605035,2025-08-29,1756454400000,90000.0,67.37,call,BTC-29AUG25-90000-C
2025-08-16T22:42:31.634987,2025-08-29,1756454400000,92000.0,63.89,call,BTC-29AUG25-92000-C
2025-08-16T22:42:32.643464,2025-08-29,1756454400000,94000.0,60.74,call,BTC-29AUG25-94000-C
2025-08-16T22:42:33.664980,2025-08-29,1756454400000,95000.0,59.51,call,BTC-29AUG25-95000-C
2025-08-16T22:42:34.681412,2025-08-29,1756454400000,96000.0,58.01,call,BTC-29AUG25-96000-C
2025-08-16T22:42:35.685487,2025-08-29,1756454400000,98000.0,54.69,call,BTC-29AUG25-98000-C
2025-08-16T22:42:36.676824,2025-08-29,1756454400000,100000.0,52.1,call,BTC-29AUG25-100000-C
2025-08-16T22:42:37.705206,2025-08-29,1756454400000,102000.0,49.54,call,BTC-29AUG25-102000-C
2025-08-16T22:42:38.702554,2025-08-29,1756454400000,104000.0,46.57,call,BTC-29AUG25-104000-C
2025-08-16T22:42:39.749711,2025-08-29,1756454400000,105000.0,45.31,call,BTC-29AUG25-105000-C
2025-08-16T22:42:40.720034,2025-08-29,1756454400000,106000.0,43.85,call,BTC-29AUG25-106000-C
2025-08-16T22:42:41.719241,2025-08-29,1756454400000,108000.0,41.52,call,BTC-29AUG25-108000-C
2025-08-16T22:42:42.727952,2025-08-29,1756454400000,110000.0,39.22,call,BTC-29AUG25-110000-C
2025-08-16T22:42:43.781567,2025-08-29,1756454400000,112000.0,36.85,call,BTC-29AUG25-112000-C
2025-08-16T22:42:44.778736,2025-08-29,1756454400000,113000.0,36.01,call,BTC-29AUG25-113000-C
2025-08-16T22:42:45.774632,2025-08-29,1756454400000,114000.0,34.93,call,BTC-29AUG25-114000-C
2025-08-16T22:42:46.743080,2025-08-29,1756454400000,115000.0,34.36,call,BTC-29AUG25-115000-C
2025-08-16T22:42:47.744698,2025-08-29,1756454400000,116000.0,33.4,call,BTC-29AUG25-116000-C
2025-08-16T22:42:48.762111,2025-08-29,1756454400000,117000.0,32.61,call,BTC-29AUG25-117000-C
2025-08-16T22:42:49.802643,2025-08-29,1756454400000,118000.0,32.23,call,BTC-29AUG25-118000-C
2025-08-16T22:42:52.834035,2025-08-29,1756454400000,119000.0,31.81,call,BTC-29AUG25-119000-C
2025-08-16T22:42:53.869605,2025-08-29,1756454400000,120000.0,31.55,call,BTC-29AUG25-120000-C
2025-08-16T22:42:54.865329,2025-08-29,1756454400000,121000.0,31.54,call,BTC-29AUG25-121000-C
2025-08-16T22:42:58.291724,2025-08-29,1756454400000,122000.0,31.47,call,BTC-29AUG25-122000-C
2025-08-16T22:42:59.288866,2025-08-29,1756454400000,123000.0,31.48,call,BTC-29AUG25-123000-C
2025-08-16T22:43:00.256261,2025-08-29,1756454400000,124000.0,31.55,call,BTC-29AUG25-124000-C
2025-08-16T22:43:01.271366,2025-08-29,1756454400000,125000.0,31.55,call,BTC-29AUG25-125000-C
2025-08-16T22:43:02.253678,2025-08-29,1756454400000,126000.0,31.56,call,BTC-29AUG25-126000-C
2025-08-16T22:43:03.324531,2025-08-29,1756454400000,127000.0,31.67,call,BTC-29AUG25-127000-C
2025-08-16T22:43:04.315781,2025-08-29,1756454400000,128000.0,31.89,call,BTC-29AUG25-128000-C
2025-08-16T22:43:05.330329,2025-08-29,1756454400000,129000.0,32.66,call,BTC-29AUG25-129000-C
2025-08-16T22:43:06.344925,2025-08-29,1756454400000,130000.0,33.49,call,BTC-29AUG25-130000-C
2025-08-16T22:43:07.373280,2025-08-29,1756454400000,132000.0,34.93,call,BTC-29AUG25-132000-C
2025-08-16T22:43:08.393671,2025-08-29,1756454400000,134000.0,37.01,call,BTC-29AUG25-134000-C
2025-08-16T22:43:09.430440,2025-08-29,1756454400000,135000.0,37.83,call,BTC-29AUG25-135000-C
2025-08-16T22:43:10.405077,2025-08-29,1756454400000,136000.0,38.71,call,BTC-29AUG25-136000-C
2025-08-16T22:43:11.492866,2025-08-29,1756454400000,140000.0,42.16,call,BTC-29AUG25-140000-C
2025-08-16T22:43:12.516343,2025-08-29,1756454400000,145000.0,45.66,call,BTC-29AUG25-145000-C
2025-08-16T22:43:13.494624,2025-08-29,1756454400000,150000.0,49.08,call,BTC-29AUG25-150000-C
2025-08-16T22:43:14.547990,2025-08-29,1756454400000,160000.0,57.43,call,BTC-29AUG25-160000-C
2025-08-16T22:43:15.550790,2025-08-29,1756454400000,170000.0,65.76,call,BTC-29AUG25-170000-C
2025-08-16T22:43:16.538936,2025-08-29,1756454400000,180000.0,69.18,call,BTC-29AUG25-180000-C
2025-08-16T22:43:17.546720,2025-08-29,1756454400000,190000.0,75.94,call,BTC-29AUG25-190000-C
2025-08-16T22:43:18.969735,2025-08-29,1756454400000,40000.0,145.32,put,BTC-29AUG25-40000-P
2025-08-16T22:43:19.993288,2025-08-29,1756454400000,50000.0,127.89,put,BTC-29AUG25-50000-P
2025-08-16T22:43:20.988112,2025-08-29,1756454400000,60000.0,124.4,put,BTC-29AUG25-60000-P
2025-08-16T22:43:21.965357,2025-08-29,1756454400000,70000.0,103.19,put,BTC-29AUG25-70000-P
2025-08-16T22:43:22.966082,2025-08-29,1756454400000,80000.0,84.18,put,BTC-29AUG25-80000-P
2025-08-16T22:43:23.946558,2025-08-29,1756454400000,85000.0,76.54,put,BTC-29AUG25-85000-P
2025-08-16T22:43:24.953098,2025-08-29,1756454400000,90000.0,67.29,put,BTC-29AUG25-90000-P
2025-08-16T22:43:25.930231,2025-08-29,1756454400000,92000.0,63.84,put,BTC-29AUG25-92000-P
2025-08-16T22:43:26.941859,2025-08-29,1756454400000,94000.0,60.74,put,BTC-29AUG25-94000-P
2025-08-16T22:43:27.926436,2025-08-29,1756454400000,95000.0,59.44,put,BTC-29AUG25-95000-P
2025-08-16T22:43:28.948204,2025-08-29,1756454400000,96000.0,57.98,put,BTC-29AUG25-96000-P
2025-08-16T22:43:29.919238,2025-08-29,1756454400000,98000.0,54.69,put,BTC-29AUG25-98000-P
2025-08-16T22:43:30.899901,2025-08-29,1756454400000,100000.0,52.09,put,BTC-29AUG25-100000-P
2025-08-16T22:43:31.885330,2025-08-29,1756454400000,102000.0,49.51,put,BTC-29AUG25-102000-P
2025-08-16T22:43:32.886211,2025-08-29,1756454400000,104000.0,46.55,put,BTC-29AUG25-104000-P
2025-08-16T22:43:33.874268,2025-08-29,1756454400000,105000.0,45.29,put,BTC-29AUG25-105000-P
2025-08-16T22:43:34.948890,2025-08-29,1756454400000,106000.0,43.84,put,BTC-29AUG25-106000-P
2025-08-16T22:43:35.962351,2025-08-29,1756454400000,108000.0,41.52,put,BTC-29AUG25-108000-P
2025-08-16T22:43:36.992356,2025-08-29,1756454400000,110000.0,39.21,put,BTC-29AUG25-110000-P
2025-08-16T22:43:38.108733,2025-08-29,1756454400000,112000.0,36.84,put,BTC-29AUG25-112000-P
2025-08-16T22:43:39.123908,2025-08-29,1756454400000,113000.0,36.01,put,BTC-29AUG25-113000-P
2025-08-16T22:43:40.106079,2025-08-29,1756454400000,114000.0,34.93,put,BTC-29AUG25-114000-P
2025-08-16T22:43:41.089036,2025-08-29,1756454400000,115000.0,34.37,put,BTC-29AUG25-115000-P
2025-08-16T22:43:42.130032,2025-08-29,1756454400000,116000.0,33.41,put,BTC-29AUG25-116000-P
2025-08-16T22:43:43.106371,2025-08-29,1756454400000,117000.0,32.61,put,BTC-29AUG25-117000-P
2025-08-16T22:43:44.119966,2025-08-29,1756454400000,118000.0,32.25,put,BTC-29AUG25-118000-P
2025-08-16T22:43:45.133195,2025-08-29,1756454400000,119000.0,31.82,put,BTC-29AUG25-119000-P
2025-08-16T22:43:46.108050,2025-08-29,1756454400000,120000.0,31.53,put,BTC-29AUG25-120000-P
2025-08-16T22:43:47.122603,2025-08-29,1756454400000,121000.0,31.53,put,BTC-29AUG25-121000-P
2025-08-16T22:43:48.104649,2025-08-29,1756454400000,122000.0,31.46,put,BTC-29AUG25-122000-P
2025-08-16T22:43:49.095021,2025-08-29,1756454400000,123000.0,31.47,put,BTC-29AUG25-123000-P
2025-08-16T22:43:50.108739,2025-08-29,1756454400000,124000.0,31.54,put,BTC-29AUG25-124000-P
2025-08-16T22:43:51.119515,2025-08-29,1756454400000,125000.0,31.54,put,BTC-29AUG25-125000-P
2025-08-16T22:43:52.094745,2025-08-29,1756454400000,126000.0,31.54,put,BTC-29AUG25-126000-P
2025-08-16T22:43:53.119127,2025-08-29,1756454400000,127000.0,31.66,put,BTC-29AUG25-127000-P
2025-08-16T22:43:54.114695,2025-08-29,1756454400000,128000.0,31.89,put,BTC-29AUG25-128000-P
2025-08-16T22:43:55.082732,2025-08-29,1756454400000,129000.0,32.66,put,BTC-29AUG25-129000-P
2025-08-16T22:43:56.095083,2025-08-29,1756454400000,130000.0,33.49,put,BTC-29AUG25-130000-P
2025-08-16T22:43:57.065958,2025-08-29,1756454400000,132000.0,34.93,put,BTC-29AUG25-132000-P
2025-08-16T22:43:58.017214,2025-08-29,1756454400000,134000.0,37.03,put,BTC-29AUG25-134000-P
2025-08-16T22:43:59.005010,2025-08-29,1756454400000,135000.0,37.83,put,BTC-29AUG25-135000-P
2025-08-16T22:43:59.962860,2025-08-29,1756454400000,136000.0,38.71,put,BTC-29AUG25-136000-P
2025-08-16T22:44:00.960695,2025-08-29,1756454400000,140000.0,42.15,put,BTC-29AUG25-140000-P
2025-08-16T22:44:02.008818,2025-08-29,1756454400000,145000.0,45.66,put,BTC-29AUG25-145000-P
2025-08-16T22:44:02.984669,2025-08-29,1756454400000,150000.0,49.08,put,BTC-29AUG25-150000-P
2025-08-16T22:44:03.977107,2025-08-29,1756454400000,160000.0,57.43,put,BTC-29AUG25-160000-P
2025-08-16T22:44:05.004286,2025-08-29,1756454400000,170000.0,65.76,put,BTC-29AUG25-170000-P
2025-08-16T22:44:05.999121,2025-08-29,1756454400000,180000.0,69.18,put,BTC-29AUG25-180000-P
2025-08-16T22:44:06.999600,2025-08-29,1756454400000,190000.0,75.94,put,BTC-29AUG25-190000-P
2025-08-16T22:44:07.984408,2025-09-05,1757059200000,105000.0,40.56,call,BTC-5SEP25-105000-C
2025-08-16T22:44:08.952453,2025-09-05,1757059200000,110000.0,36.54,call,BTC-5SEP25-110000-C
2025-08-16T22:44:09.947105,2025-09-05,1757059200000,112000.0,35.09,call,BTC-5SEP25-112000-C
2025-08-16T22:44:10.908697,2025-09-05,1757059200000,113000.0,34.54,call,BTC-5SEP25-113000-C
2025-08-16T22:44:11.910087,2025-09-05,1757059200000,114000.0,34.27,call,BTC-5SEP25-114000-C
2025-08-16T22:44:12.945230,2025-09-05,1757059200000,115000.0,33.67,call,BTC-5SEP25-115000-C
2025-08-16T22:44:15.154027,2025-09-05,1757059200000,116000.0,33.26,call,BTC-5SEP25-116000-C
2025-08-16T22:44:16.154999,2025-09-05,1757059200000,117000.0,33.01,call,BTC-5SEP25-117000-C
2025-08-16T22:44:17.158111,2025-09-05,1757059200000,118000.0,32.5,call,BTC-5SEP25-118000-C
2025-08-16T22:44:18.146520,2025-09-05,1757059200000,119000.0,32.36,call,BTC-5SEP25-119000-C
2025-08-16T22:44:19.120283,2025-09-05,1757059200000,120000.0,32.01,call,BTC-5SEP25-120000-C
2025-08-16T22:44:20.108203,2025-09-05,1757059200000,121000.0,32.01,call,BTC-5SEP25-121000-C
2025-08-16T22:44:21.096549,2025-09-05,1757059200000,122000.0,32.01,call,BTC-5SEP25-122000-C
2025-08-16T22:44:23.072649,2025-09-05,1757059200000,123000.0,32.01,call,BTC-5SEP25-123000-C
2025-08-16T22:44:24.037001,2025-09-05,1757059200000,124000.0,32.0,call,BTC-5SEP25-124000-C
2025-08-16T22:44:25.015565,2025-09-05,1757059200000,125000.0,32.0,call,BTC-5SEP25-125000-C
2025-08-16T22:44:25.979443,2025-09-05,1757059200000,126000.0,32.01,call,BTC-5SEP25-126000-C
2025-08-16T22:44:26.936216,2025-09-05,1757059200000,128000.0,32.01,call,BTC-5SEP25-128000-C
2025-08-16T22:44:27.907715,2025-09-05,1757059200000,130000.0,32.4,call,BTC-5SEP25-130000-C
2025-08-16T22:44:28.909965,2025-09-05,1757059200000,135000.0,34.43,call,BTC-5SEP25-135000-C
2025-08-16T22:44:29.887138,2025-09-05,1757059200000,140000.0,37.18,call,BTC-5SEP25-140000-C
2025-08-16T22:44:30.847525,2025-09-05,1757059200000,105000.0,40.56,put,BTC-5SEP25-105000-P
2025-08-16T22:44:31.871021,2025-09-05,1757059200000,110000.0,36.54,put,BTC-5SEP25-110000-P
2025-08-16T22:44:32.873723,2025-09-05,1757059200000,112000.0,35.09,put,BTC-5SEP25-112000-P
2025-08-16T22:44:33.833944,2025-09-05,1757059200000,113000.0,34.54,put,BTC-5SEP25-113000-P
2025-08-16T22:44:36.203823,2025-09-05,1757059200000,114000.0,34.28,put,BTC-5SEP25-114000-P
2025-08-16T22:44:37.211293,2025-09-05,1757059200000,115000.0,33.67,put,BTC-5SEP25-115000-P
2025-08-16T22:44:38.190846,2025-09-05,1757059200000,116000.0,33.27,put,BTC-5SEP25-116000-P
2025-08-16T22:44:39.176499,2025-09-05,1757059200000,117000.0,33.01,put,BTC-5SEP25-117000-P
2025-08-16T22:44:40.150147,2025-09-05,1757059200000,118000.0,32.5,put,BTC-5SEP25-118000-P
2025-08-16T22:44:41.165492,2025-09-05,1757059200000,119000.0,32.36,put,BTC-5SEP25-119000-P
2025-08-16T22:44:42.191706,2025-09-05,1757059200000,120000.0,32.01,put,BTC-5SEP25-120000-P
2025-08-16T22:44:43.197543,2025-09-05,1757059200000,121000.0,32.01,put,BTC-5SEP25-121000-P
2025-08-16T22:44:44.172351,2025-09-05,1757059200000,122000.0,32.01,put,BTC-5SEP25-122000-P
2025-08-16T22:44:45.151609,2025-09-05,1757059200000,123000.0,32.01,put,BTC-5SEP25-123000-P
2025-08-16T22:44:46.152632,2025-09-05,1757059200000,124000.0,32.0,put,BTC-5SEP25-124000-P
2025-08-16T22:44:47.153193,2025-09-05,1757059200000,125000.0,32.0,put,BTC-5SEP25-125000-P
2025-08-16T22:44:48.138789,2025-09-05,1757059200000,126000.0,32.01,put,BTC-5SEP25-126000-P
2025-08-16T22:44:49.136363,2025-09-05,1757059200000,128000.0,32.01,put,BTC-5SEP25-128000-P
2025-08-16T22:44:50.121044,2025-09-05,1757059200000,130000.0,32.4,put,BTC-5SEP25-130000-P
2025-08-16T22:44:51.113706,2025-09-05,1757059200000,135000.0,34.43,put,BTC-5SEP25-135000-P
2025-08-16T22:44:52.100274,2025-09-05,1757059200000,140000.0,37.17,put,BTC-5SEP25-140000-P
2025-08-16T22:44:53.067003,2025-09-26,1758873600000,20000.0,128.81,call,BTC-26SEP25-20000-C
2025-08-16T22:44:54.072739,2025-09-26,1758873600000,30000.0,128.34,call,BTC-26SEP25-30000-C
2025-08-16T22:44:55.063287,2025-09-26,1758873600000,40000.0,112.82,call,BTC-26SEP25-40000-C
2025-08-16T22:44:56.047455,2025-09-26,1758873600000,50000.0,94.11,call,BTC-26SEP25-50000-C
2025-08-16T22:44:57.030199,2025-09-26,1758873600000,55000.0,85.77,call,BTC-26SEP25-55000-C
2025-08-16T22:44:58.004466,2025-09-26,1758873600000,60000.0,80.71,call,BTC-26SEP25-60000-C
2025-08-16T22:44:58.981927,2025-09-26,1758873600000,65000.0,76.84,call,BTC-26SEP25-65000-C
2025-08-16T22:44:59.996947,2025-09-26,1758873600000,70000.0,68.83,call,BTC-26SEP25-70000-C
2025-08-16T22:45:00.988352,2025-09-26,1758873600000,75000.0,62.93,call,BTC-26SEP25-75000-C
2025-08-16T22:45:01.954282,2025-09-26,1758873600000,80000.0,57.28,call,BTC-26SEP25-80000-C
2025-08-16T22:45:02.953190,2025-09-26,1758873600000,85000.0,52.75,call,BTC-26SEP25-85000-C
2025-08-16T22:45:03.991558,2025-09-26,1758873600000,90000.0,47.87,call,BTC-26SEP25-90000-C
2025-08-16T22:45:05.032848,2025-09-26,1758873600000,95000.0,43.81,call,BTC-26SEP25-95000-C
2025-08-16T22:45:06.011264,2025-09-26,1758873600000,98000.0,42.18,call,BTC-26SEP25-98000-C
2025-08-16T22:45:07.037094,2025-09-26,1758873600000,100000.0,40.7,call,BTC-26SEP25-100000-C
2025-08-16T22:45:08.054904,2025-09-26,1758873600000,105000.0,38.2,call,BTC-26SEP25-105000-C
2025-08-16T22:45:09.072151,2025-09-26,1758873600000,108000.0,36.75,call,BTC-26SEP25-108000-C
2025-08-16T22:45:10.222776,2025-09-26,1758873600000,110000.0,36.07,call,BTC-26SEP25-110000-C
2025-08-16T22:45:11.196861,2025-09-26,1758873600000,112000.0,35.38,call,BTC-26SEP25-112000-C
2025-08-16T22:45:12.192775,2025-09-26,1758873600000,114000.0,34.96,call,BTC-26SEP25-114000-C
2025-08-16T22:45:13.174629,2025-09-26,1758873600000,115000.0,34.71,call,BTC-26SEP25-115000-C
2025-08-16T22:45:14.136660,2025-09-26,1758873600000,116000.0,34.39,call,BTC-26SEP25-116000-C
2025-08-16T22:45:16.126666,2025-09-26,1758873600000,118000.0,34.05,call,BTC-26SEP25-118000-C
2025-08-16T22:45:17.107533,2025-09-26,1758873600000,120000.0,33.73,call,BTC-26SEP25-120000-C
2025-08-16T22:45:18.092002,2025-09-26,1758873600000,122000.0,33.55,call,BTC-26SEP25-122000-C
2025-08-16T22:45:19.095017,2025-09-26,1758873600000,124000.0,33.55,call,BTC-26SEP25-124000-C
2025-08-16T22:45:20.098988,2025-09-26,1758873600000,125000.0,33.55,call,BTC-26SEP25-125000-C
2025-08-16T22:45:21.063176,2025-09-26,1758873600000,126000.0,33.55,call,BTC-26SEP25-126000-C
2025-08-16T22:45:22.025160,2025-09-26,1758873600000,128000.0,33.56,call,BTC-26SEP25-128000-C
2025-08-16T22:45:22.998126,2025-09-26,1758873600000,130000.0,33.73,call,BTC-26SEP25-130000-C
2025-08-16T22:45:23.963636,2025-09-26,1758873600000,132000.0,33.95,call,BTC-26SEP25-132000-C
2025-08-16T22:45:25.020168,2025-09-26,1758873600000,134000.0,34.47,call,BTC-26SEP25-134000-C
2025-08-16T22:45:25.999646,2025-09-26,1758873600000,135000.0,34.66,call,BTC-26SEP25-135000-C
2025-08-16T22:45:26.994222,2025-09-26,1758873600000,136000.0,34.67,call,BTC-26SEP25-136000-C
2025-08-16T22:45:27.936124,2025-09-26,1758873600000,138000.0,35.37,call,BTC-26SEP25-138000-C
2025-08-16T22:45:29.347292,2025-09-26,1758873600000,140000.0,36.01,call,BTC-26SEP25-140000-C
2025-08-16T22:45:30.364932,2025-09-26,1758873600000,145000.0,37.55,call,BTC-26SEP25-145000-C
2025-08-16T22:45:31.341530,2025-09-26,1758873600000,150000.0,39.77,call,BTC-26SEP25-150000-C
2025-08-16T22:45:32.348847,2025-09-26,1758873600000,160000.0,44.19,call,BTC-26SEP25-160000-C
2025-08-16T22:45:33.318648,2025-09-26,1758873600000,170000.0,48.04,call,BTC-26SEP25-170000-C
2025-08-16T22:45:34.337110,2025-09-26,1758873600000,180000.0,51.93,call,BTC-26SEP25-180000-C
2025-08-16T22:45:35.346965,2025-09-26,1758873600000,190000.0,56.92,call,BTC-26SEP25-190000-C
2025-08-16T22:45:36.371180,2025-09-26,1758873600000,200000.0,61.64,call,BTC-26SEP25-200000-C
2025-08-16T22:45:37.367181,2025-09-26,1758873600000,210000.0,64.91,call,BTC-26SEP25-210000-C
2025-08-16T22:45:38.335642,2025-09-26,1758873600000,220000.0,65.48,call,BTC-26SEP25-220000-C
2025-08-16T22:45:39.309595,2025-09-26,1758873600000,240000.0,72.25,call,BTC-26SEP25-240000-C
2025-08-16T22:45:40.296749,2025-09-26,1758873600000,260000.0,78.77,call,BTC-26SEP25-260000-C
2025-08-16T22:45:41.288200,2025-09-26,1758873600000,280000.0,81.55,call,BTC-26SEP25-280000-C
2025-08-16T22:45:42.283869,2025-09-26,1758873600000,300000.0,81.97,call,BTC-26SEP25-300000-C
2025-08-16T22:45:43.244960,2025-09-26,1758873600000,400000.0,93.07,call,BTC-26SEP25-400000-C
2025-08-16T22:45:44.209124,2025-09-26,1758873600000,20000.0,128.81,put,BTC-26SEP25-20000-P
2025-08-16T22:45:45.214787,2025-09-26,1758873600000,30000.0,128.34,put,BTC-26SEP25-30000-P
2025-08-16T22:45:46.221430,2025-09-26,1758873600000,40000.0,112.82,put,BTC-26SEP25-40000-P
2025-08-16T22:45:47.189183,2025-09-26,1758873600000,50000.0,94.11,put,BTC-26SEP25-50000-P
2025-08-16T22:45:48.127925,2025-09-26,1758873600000,55000.0,85.77,put,BTC-26SEP25-55000-P
2025-08-16T22:45:49.108081,2025-09-26,1758873600000,60000.0,80.71,put,BTC-26SEP25-60000-P
2025-08-16T22:45:50.088295,2025-09-26,1758873600000,65000.0,76.85,put,BTC-26SEP25-65000-P
2025-08-16T22:45:51.067935,2025-09-26,1758873600000,70000.0,68.84,put,BTC-26SEP25-70000-P
2025-08-16T22:45:52.040904,2025-09-26,1758873600000,75000.0,62.88,put,BTC-26SEP25-75000-P
2025-08-16T22:45:53.122672,2025-09-26,1758873600000,80000.0,57.28,put,BTC-26SEP25-80000-P
2025-08-16T22:45:54.157049,2025-09-26,1758873600000,85000.0,52.75,put,BTC-26SEP25-85000-P
2025-08-16T22:45:55.150088,2025-09-26,1758873600000,90000.0,47.87,put,BTC-26SEP25-90000-P
2025-08-16T22:45:56.139817,2025-09-26,1758873600000,95000.0,43.8,put,BTC-26SEP25-95000-P
2025-08-16T22:45:57.190370,2025-09-26,1758873600000,98000.0,42.18,put,BTC-26SEP25-98000-P
2025-08-16T22:45:58.221280,2025-09-26,1758873600000,100000.0,40.68,put,BTC-26SEP25-100000-P
2025-08-16T22:45:59.198456,2025-09-26,1758873600000,105000.0,38.2,put,BTC-26SEP25-105000-P
2025-08-16T22:46:00.182412,2025-09-26,1758873600000,108000.0,36.76,put,BTC-26SEP25-108000-P
2025-08-16T22:46:01.252637,2025-09-26,1758873600000,110000.0,36.07,put,BTC-26SEP25-110000-P
2025-08-16T22:46:02.236990,2025-09-26,1758873600000,112000.0,35.38,put,BTC-26SEP25-112000-P
2025-08-16T22:46:03.213170,2025-09-26,1758873600000,114000.0,34.96,put,BTC-26SEP25-114000-P
2025-08-16T22:46:04.258759,2025-09-26,1758873600000,115000.0,34.72,put,BTC-26SEP25-115000-P
2025-08-16T22:46:05.268060,2025-09-26,1758873600000,116000.0,34.39,put,BTC-26SEP25-116000-P
2025-08-16T22:46:06.241338,2025-09-26,1758873600000,118000.0,34.06,put,BTC-26SEP25-118000-P
2025-08-16T22:46:07.265917,2025-09-26,1758873600000,120000.0,33.73,put,BTC-26SEP25-120000-P
2025-08-16T22:46:08.241675,2025-09-26,1758873600000,122000.0,33.55,put,BTC-26SEP25-122000-P
2025-08-16T22:46:09.210468,2025-09-26,1758873600000,124000.0,33.55,put,BTC-26SEP25-124000-P
2025-08-16T22:46:10.229905,2025-09-26,1758873600000,125000.0,33.55,put,BTC-26SEP25-125000-P
2025-08-16T22:46:11.228937,2025-09-26,1758873600000,126000.0,33.55,put,BTC-26SEP25-126000-P
2025-08-16T22:46:12.202821,2025-09-26,1758873600000,128000.0,33.56,put,BTC-26SEP25-128000-P
2025-08-16T22:46:13.198660,2025-09-26,1758873600000,130000.0,33.73,put,BTC-26SEP25-130000-P
2025-08-16T22:46:14.195204,2025-09-26,1758873600000,132000.0,33.95,put,BTC-26SEP25-132000-P
2025-08-16T22:46:15.167723,2025-09-26,1758873600000,134000.0,34.47,put,BTC-26SEP25-134000-P
2025-08-16T22:46:16.187946,2025-09-26,1758873600000,135000.0,34.66,put,BTC-26SEP25-135000-P
2025-08-16T22:46:17.252111,2025-09-26,1758873600000,136000.0,34.66,put,BTC-26SEP25-136000-P
2025-08-16T22:46:18.281120,2025-09-26,1758873600000,138000.0,35.36,put,BTC-26SEP25-138000-P
2025-08-16T22:46:19.254228,2025-09-26,1758873600000,140000.0,36.0,put,BTC-26SEP25-140000-P
2025-08-16T22:46:20.250786,2025-09-26,1758873600000,145000.0,37.55,put,BTC-26SEP25-145000-P
2025-08-16T22:46:21.694756,2025-09-26,1758873600000,150000.0,39.77,put,BTC-26SEP25-150000-P
2025-08-16T22:46:22.752670,2025-09-26,1758873600000,160000.0,44.19,put,BTC-26SEP25-160000-P
2025-08-16T22:46:23.758366,2025-09-26,1758873600000,170000.0,48.04,put,BTC-26SEP25-170000-P
2025-08-16T22:46:25.227411,2025-09-26,1758873600000,180000.0,51.93,put,BTC-26SEP25-180000-P
2025-08-16T22:46:26.221382,2025-09-26,1758873600000,190000.0,56.92,put,BTC-26SEP25-190000-P
2025-08-16T22:46:27.219488,2025-09-26,1758873600000,200000.0,61.63,put,BTC-26SEP25-200000-P
2025-08-16T22:46:28.212541,2025-09-26,1758873600000,210000.0,64.91,put,BTC-26SEP25-210000-P
2025-08-16T22:46:29.204876,2025-09-26,1758873600000,220000.0,65.48,put,BTC-26SEP25-220000-P
2025-08-16T22:46:30.184849,2025-09-26,1758873600000,240000.0,72.24,put,BTC-26SEP25-240000-P
2025-08-16T22:46:31.193856,2025-09-26,1758873600000,260000.0,78.77,put,BTC-26SEP25-260000-P
2025-08-16T22:46:32.192548,2025-09-26,1758873600000,280000.0,81.55,put,BTC-26SEP25-280000-P
2025-08-16T22:46:33.193895,2025-09-26,1758873600000,300000.0,81.97,put,BTC-26SEP25-300000-P
2025-08-16T22:46:34.231646,2025-09-26,1758873600000,400000.0,93.07,put,BTC-26SEP25-400000-P
2025-08-16T22:46:35.232305,2025-10-31,1761897600000,40000.0,86.56,call,BTC-31OCT25-40000-C
2025-08-16T22:46:36.256201,2025-10-31,1761897600000,50000.0,75.6,call,BTC-31OCT25-50000-C
2025-08-16T22:46:37.242724,2025-10-31,1761897600000,60000.0,66.19,call,BTC-31OCT25-60000-C
2025-08-16T22:46:38.202423,2025-10-31,1761897600000,70000.0,57.74,call,BTC-31OCT25-70000-C
2025-08-16T22:46:39.196458,2025-10-31,1761897600000,80000.0,50.49,call,BTC-31OCT25-80000-C
2025-08-16T22:46:40.168177,2025-10-31,1761897600000,85000.0,47.36,call,BTC-31OCT25-85000-C
2025-08-16T22:46:41.150727,2025-10-31,1761897600000,90000.0,44.85,call,BTC-31OCT25-90000-C
2025-08-16T22:46:42.151185,2025-10-31,1761897600000,95000.0,42.37,call,BTC-31OCT25-95000-C
2025-08-16T22:46:43.141102,2025-10-31,1761897600000,100000.0,40.55,call,BTC-31OCT25-100000-C
2025-08-16T22:46:44.124372,2025-10-31,1761897600000,102000.0,39.79,call,BTC-31OCT25-102000-C
2025-08-16T22:46:45.101734,2025-10-31,1761897600000,104000.0,39.15,call,BTC-31OCT25-104000-C
2025-08-16T22:46:46.091573,2025-10-31,1761897600000,105000.0,38.99,call,BTC-31OCT25-105000-C
2025-08-16T22:46:47.078267,2025-10-31,1761897600000,106000.0,38.66,call,BTC-31OCT25-106000-C
2025-08-16T22:46:49.324257,2025-10-31,1761897600000,108000.0,38.35,call,BTC-31OCT25-108000-C
2025-08-16T22:46:50.331939,2025-10-31,1761897600000,110000.0,37.89,call,BTC-31OCT25-110000-C
2025-08-16T22:46:51.333029,2025-10-31,1761897600000,112000.0,37.57,call,BTC-31OCT25-112000-C
2025-08-16T22:46:52.341950,2025-10-31,1761897600000,114000.0,37.31,call,BTC-31OCT25-114000-C
2025-08-16T22:46:53.347930,2025-10-31,1761897600000,115000.0,37.17,call,BTC-31OCT25-115000-C
2025-08-16T22:46:54.297191,2025-10-31,1761897600000,116000.0,37.0,call,BTC-31OCT25-116000-C
2025-08-16T22:46:55.282330,2025-10-31,1761897600000,118000.0,36.79,call,BTC-31OCT25-118000-C
2025-08-16T22:46:56.301142,2025-10-31,1761897600000,120000.0,36.54,call,BTC-31OCT25-120000-C
2025-08-16T22:46:57.337586,2025-10-31,1761897600000,122000.0,36.54,call,BTC-31OCT25-122000-C
2025-08-16T22:46:58.356496,2025-10-31,1761897600000,124000.0,36.51,call,BTC-31OCT25-124000-C
2025-08-16T22:46:59.352938,2025-10-31,1761897600000,126000.0,36.43,call,BTC-31OCT25-126000-C
2025-08-16T22:47:00.291913,2025-10-31,1761897600000,128000.0,36.43,call,BTC-31OCT25-128000-C
2025-08-16T22:47:01.259317,2025-10-31,1761897600000,130000.0,36.54,call,BTC-31OCT25-130000-C
2025-08-16T22:47:02.292715,2025-10-31,1761897600000,132000.0,36.56,call,BTC-31OCT25-132000-C
2025-08-16T22:47:03.324063,2025-10-31,1761897600000,134000.0,36.7,call,BTC-31OCT25-134000-C
2025-08-16T22:47:04.291214,2025-10-31,1761897600000,135000.0,36.76,call,BTC-31OCT25-135000-C
2025-08-16T22:47:05.281925,2025-10-31,1761897600000,136000.0,36.83,call,BTC-31OCT25-136000-C
2025-08-16T22:47:06.294081,2025-10-31,1761897600000,138000.0,37.02,call,BTC-31OCT25-138000-C
2025-08-16T22:47:07.287536,2025-10-31,1761897600000,140000.0,37.25,call,BTC-31OCT25-140000-C
2025-08-16T22:47:08.268036,2025-10-31,1761897600000,145000.0,37.76,call,BTC-31OCT25-145000-C
2025-08-16T22:47:09.252624,2025-10-31,1761897600000,150000.0,38.31,call,BTC-31OCT25-150000-C
2025-08-16T22:47:10.237834,2025-10-31,1761897600000,155000.0,39.32,call,BTC-31OCT25-155000-C
2025-08-16T22:47:11.262239,2025-10-31,1761897600000,160000.0,40.18,call,BTC-31OCT25-160000-C
2025-08-16T22:47:12.237215,2025-10-31,1761897600000,170000.0,42.13,call,BTC-31OCT25-170000-C
2025-08-16T22:47:13.671737,2025-10-31,1761897600000,180000.0,45.13,call,BTC-31OCT25-180000-C
2025-08-16T22:47:14.647865,2025-10-31,1761897600000,190000.0,47.71,call,BTC-31OCT25-190000-C
2025-08-16T22:47:15.641021,2025-10-31,1761897600000,200000.0,50.27,call,BTC-31OCT25-200000-C
2025-08-16T22:47:16.643691,2025-10-31,1761897600000,210000.0,52.38,call,BTC-31OCT25-210000-C
2025-08-16T22:47:17.659223,2025-10-31,1761897600000,40000.0,86.57,put,BTC-31OCT25-40000-P
2025-08-16T22:47:18.631123,2025-10-31,1761897600000,50000.0,75.6,put,BTC-31OCT25-50000-P
2025-08-16T22:47:19.656367,2025-10-31,1761897600000,60000.0,66.2,put,BTC-31OCT25-60000-P
2025-08-16T22:47:20.676729,2025-10-31,1761897600000,70000.0,57.75,put,BTC-31OCT25-70000-P
2025-08-16T22:47:21.688572,2025-10-31,1761897600000,80000.0,50.49,put,BTC-31OCT25-80000-P
2025-08-16T22:47:22.711525,2025-10-31,1761897600000,85000.0,47.36,put,BTC-31OCT25-85000-P
2025-08-16T22:47:23.685483,2025-10-31,1761897600000,90000.0,44.85,put,BTC-31OCT25-90000-P
2025-08-16T22:47:24.705321,2025-10-31,1761897600000,95000.0,42.38,put,BTC-31OCT25-95000-P
2025-08-16T22:47:25.677293,2025-10-31,1761897600000,100000.0,40.56,put,BTC-31OCT25-100000-P
2025-08-16T22:47:26.669131,2025-10-31,1761897600000,102000.0,39.79,put,BTC-31OCT25-102000-P
2025-08-16T22:47:27.670468,2025-10-31,1761897600000,104000.0,39.16,put,BTC-31OCT25-104000-P
2025-08-16T22:47:28.626000,2025-10-31,1761897600000,105000.0,38.98,put,BTC-31OCT25-105000-P
2025-08-16T22:47:29.609280,2025-10-31,1761897600000,106000.0,38.66,put,BTC-31OCT25-106000-P
2025-08-16T22:47:30.571835,2025-10-31,1761897600000,108000.0,38.36,put,BTC-31OCT25-108000-P
2025-08-16T22:47:31.559864,2025-10-31,1761897600000,110000.0,37.89,put,BTC-31OCT25-110000-P
2025-08-16T22:47:32.542049,2025-10-31,1761897600000,112000.0,37.57,put,BTC-31OCT25-112000-P
2025-08-16T22:47:33.638486,2025-10-31,1761897600000,114000.0,37.31,put,BTC-31OCT25-114000-P
2025-08-16T22:47:34.645704,2025-10-31,1761897600000,115000.0,37.17,put,BTC-31OCT25-115000-P
2025-08-16T22:47:35.636077,2025-10-31,1761897600000,116000.0,37.0,put,BTC-31OCT25-116000-P
2025-08-16T22:47:36.625560,2025-10-31,1761897600000,118000.0,36.8,put,BTC-31OCT25-118000-P
2025-08-16T22:47:37.582761,2025-10-31,1761897600000,120000.0,36.53,put,BTC-31OCT25-120000-P
2025-08-16T22:47:38.562750,2025-10-31,1761897600000,122000.0,36.54,put,BTC-31OCT25-122000-P
2025-08-16T22:47:39.602739,2025-10-31,1761897600000,124000.0,36.5,put,BTC-31OCT25-124000-P
2025-08-16T22:47:40.568739,2025-10-31,1761897600000,126000.0,36.42,put,BTC-31OCT25-126000-P
2025-08-16T22:47:41.566909,2025-10-31,1761897600000,128000.0,36.43,put,BTC-31OCT25-128000-P
2025-08-16T22:47:42.541091,2025-10-31,1761897600000,130000.0,36.54,put,BTC-31OCT25-130000-P
2025-08-16T22:47:43.598064,2025-10-31,1761897600000,132000.0,36.56,put,BTC-31OCT25-132000-P
2025-08-16T22:47:44.592346,2025-10-31,1761897600000,134000.0,36.7,put,BTC-31OCT25-134000-P
2025-08-16T22:47:45.581880,2025-10-31,1761897600000,135000.0,36.76,put,BTC-31OCT25-135000-P
2025-08-16T22:47:46.549090,2025-10-31,1761897600000,136000.0,36.83,put,BTC-31OCT25-136000-P
2025-08-16T22:47:47.536647,2025-10-31,1761897600000,138000.0,37.02,put,BTC-31OCT25-138000-P
2025-08-16T22:47:48.536810,2025-10-31,1761897600000,140000.0,37.25,put,BTC-31OCT25-140000-P
2025-08-16T22:47:49.495537,2025-10-31,1761897600000,145000.0,37.77,put,BTC-31OCT25-145000-P
2025-08-16T22:47:50.507718,2025-10-31,1761897600000,150000.0,38.31,put,BTC-31OCT25-150000-P
2025-08-16T22:47:51.499578,2025-10-31,1761897600000,155000.0,39.32,put,BTC-31OCT25-155000-P
2025-08-16T22:47:52.510547,2025-10-31,1761897600000,160000.0,40.18,put,BTC-31OCT25-160000-P
2025-08-16T22:47:53.515009,2025-10-31,1761897600000,170000.0,42.12,put,BTC-31OCT25-170000-P
2025-08-16T22:47:54.501186,2025-10-31,1761897600000,180000.0,45.12,put,BTC-31OCT25-180000-P
2025-08-16T22:47:55.508217,2025-10-31,1761897600000,190000.0,47.71,put,BTC-31OCT25-190000-P
2025-08-16T22:47:56.493270,2025-10-31,1761897600000,200000.0,50.27,put,BTC-31OCT25-200000-P
2025-08-16T22:47:57.478369,2025-10-31,1761897600000,210000.0,52.37,put,BTC-31OCT25-210000-P
2025-08-16T22:48:01.808435,2025-12-26,1766736000000,20000.0,104.43,call,BTC-26DEC25-20000-C
2025-08-16T22:48:06.716601,2025-12-26,1766736000000,30000.0,83.34,call,BTC-26DEC25-30000-C
2025-08-16T22:48:09.115096,2025-12-26,1766736000000,40000.0,74.59,call,BTC-26DEC25-40000-C
2025-08-16T22:48:10.117970,2025-12-26,1766736000000,50000.0,65.92,call,BTC-26DEC25-50000-C
2025-08-16T22:48:11.110790,2025-12-26,1766736000000,60000.0,58.39,call,BTC-26DEC25-60000-C
2025-08-16T22:48:12.116089,2025-12-26,1766736000000,65000.0,55.27,call,BTC-26DEC25-65000-C
2025-08-16T22:48:13.113880,2025-12-26,1766736000000,70000.0,52.57,call,BTC-26DEC25-70000-C
2025-08-16T22:48:14.145200,2025-12-26,1766736000000,75000.0,50.24,call,BTC-26DEC25-75000-C
2025-08-16T22:48:15.152876,2025-12-26,1766736000000,80000.0,48.16,call,BTC-26DEC25-80000-C
2025-08-16T22:48:16.150378,2025-12-26,1766736000000,85000.0,46.46,call,BTC-26DEC25-85000-C
2025-08-16T22:48:17.119906,2025-12-26,1766736000000,90000.0,44.96,call,BTC-26DEC25-90000-C
2025-08-16T22:48:18.107931,2025-12-26,1766736000000,95000.0,43.78,call,BTC-26DEC25-95000-C
2025-08-16T22:48:19.083931,2025-12-26,1766736000000,100000.0,42.82,call,BTC-26DEC25-100000-C
2025-08-16T22:48:20.086688,2025-12-26,1766736000000,105000.0,42.31,call,BTC-26DEC25-105000-C
2025-08-16T22:48:21.074216,2025-12-26,1766736000000,110000.0,41.85,call,BTC-26DEC25-110000-C
2025-08-16T22:48:22.109626,2025-12-26,1766736000000,115000.0,41.6,call,BTC-26DEC25-115000-C
2025-08-16T22:48:23.113048,2025-12-26,1766736000000,120000.0,41.44,call,BTC-26DEC25-120000-C
2025-08-16T22:48:24.101231,2025-12-26,1766736000000,125000.0,41.47,call,BTC-26DEC25-125000-C
2025-08-16T22:48:25.062604,2025-12-26,1766736000000,130000.0,41.66,call,BTC-26DEC25-130000-C
2025-08-16T22:48:26.044482,2025-12-26,1766736000000,135000.0,41.67,call,BTC-26DEC25-135000-C
2025-08-16T22:48:27.029405,2025-12-26,1766736000000,140000.0,41.94,call,BTC-26DEC25-140000-C
2025-08-16T22:48:28.042323,2025-12-26,1766736000000,145000.0,42.06,call,BTC-26DEC25-145000-C
2025-08-16T22:48:29.029480,2025-12-26,1766736000000,150000.0,42.37,call,BTC-26DEC25-150000-C
2025-08-16T22:48:30.054828,2025-12-26,1766736000000,160000.0,43.05,call,BTC-26DEC25-160000-C
2025-08-16T22:48:31.108789,2025-12-26,1766736000000,170000.0,43.86,call,BTC-26DEC25-170000-C
2025-08-16T22:48:32.191165,2025-12-26,1766736000000,180000.0,44.82,call,BTC-26DEC25-180000-C
2025-08-16T22:48:33.211829,2025-12-26,1766736000000,190000.0,46.01,call,BTC-26DEC25-190000-C
2025-08-16T22:48:34.204134,2025-12-26,1766736000000,200000.0,46.84,call,BTC-26DEC25-200000-C
2025-08-16T22:48:35.231830,2025-12-26,1766736000000,210000.0,48.2,call,BTC-26DEC25-210000-C
2025-08-16T22:48:36.654513,2025-12-26,1766736000000,220000.0,49.46,call,BTC-26DEC25-220000-C
2025-08-16T22:48:37.658214,2025-12-26,1766736000000,230000.0,50.64,call,BTC-26DEC25-230000-C
2025-08-16T22:48:38.686070,2025-12-26,1766736000000,240000.0,51.97,call,BTC-26DEC25-240000-C
2025-08-16T22:48:40.068066,2025-12-26,1766736000000,260000.0,54.56,call,BTC-26DEC25-260000-C
2025-08-16T22:48:41.048599,2025-12-26,1766736000000,280000.0,57.18,call,BTC-26DEC25-280000-C
2025-08-16T22:48:42.036592,2025-12-26,1766736000000,300000.0,59.7,call,BTC-26DEC25-300000-C
2025-08-16T22:48:43.054471,2025-12-26,1766736000000,320000.0,62.07,call,BTC-26DEC25-320000-C
2025-08-16T22:48:44.081458,2025-12-26,1766736000000,340000.0,64.6,call,BTC-26DEC25-340000-C
2025-08-16T22:48:45.097892,2025-12-26,1766736000000,400000.0,68.9,call,BTC-26DEC25-400000-C
2025-08-16T22:48:46.091708,2025-12-26,1766736000000,20000.0,104.43,put,BTC-26DEC25-20000-P
2025-08-16T22:48:47.059008,2025-12-26,1766736000000,30000.0,83.35,put,BTC-26DEC25-30000-P
2025-08-16T22:48:48.067479,2025-12-26,1766736000000,40000.0,74.6,put,BTC-26DEC25-40000-P
2025-08-16T22:48:49.047569,2025-12-26,1766736000000,50000.0,65.92,put,BTC-26DEC25-50000-P
2025-08-16T22:48:50.048893,2025-12-26,1766736000000,60000.0,58.38,put,BTC-26DEC25-60000-P
2025-08-16T22:48:51.144603,2025-12-26,1766736000000,65000.0,55.27,put,BTC-26DEC25-65000-P
2025-08-16T22:48:52.175941,2025-12-26,1766736000000,70000.0,52.57,put,BTC-26DEC25-70000-P
2025-08-16T22:48:53.180819,2025-12-26,1766736000000,75000.0,50.24,put,BTC-26DEC25-75000-P
2025-08-16T22:48:54.321942,2025-12-26,1766736000000,80000.0,48.17,put,BTC-26DEC25-80000-P
2025-08-16T22:48:55.298456,2025-12-26,1766736000000,85000.0,46.47,put,BTC-26DEC25-85000-P
2025-08-16T22:48:56.404893,2025-12-26,1766736000000,90000.0,44.95,put,BTC-26DEC25-90000-P
2025-08-16T22:48:57.417194,2025-12-26,1766736000000,95000.0,43.78,put,BTC-26DEC25-95000-P
2025-08-16T22:48:58.403967,2025-12-26,1766736000000,100000.0,42.82,put,BTC-26DEC25-100000-P
2025-08-16T22:49:02.146112,2025-12-26,1766736000000,105000.0,42.31,put,BTC-26DEC25-105000-P
2025-08-16T22:49:06.661466,2025-12-26,1766736000000,110000.0,41.85,put,BTC-26DEC25-110000-P
2025-08-16T22:49:07.628908,2025-12-26,1766736000000,115000.0,41.6,put,BTC-26DEC25-115000-P
2025-08-16T22:49:08.631815,2025-12-26,1766736000000,120000.0,41.44,put,BTC-26DEC25-120000-P
2025-08-16T22:49:09.619080,2025-12-26,1766736000000,125000.0,41.48,put,BTC-26DEC25-125000-P
2025-08-16T22:49:12.052998,2025-12-26,1766736000000,130000.0,41.66,put,BTC-26DEC25-130000-P
2025-08-16T22:49:13.063679,2025-12-26,1766736000000,135000.0,41.66,put,BTC-26DEC25-135000-P
2025-08-16T22:49:14.044182,2025-12-26,1766736000000,140000.0,41.93,put,BTC-26DEC25-140000-P
2025-08-16T22:49:15.026582,2025-12-26,1766736000000,145000.0,42.06,put,BTC-26DEC25-145000-P
2025-08-16T22:49:16.025984,2025-12-26,1766736000000,150000.0,42.37,put,BTC-26DEC25-150000-P
2025-08-16T22:49:16.997126,2025-12-26,1766736000000,160000.0,43.04,put,BTC-26DEC25-160000-P
2025-08-16T22:49:17.991774,2025-12-26,1766736000000,170000.0,43.86,put,BTC-26DEC25-170000-P
2025-08-16T22:49:19.024195,2025-12-26,1766736000000,180000.0,44.82,put,BTC-26DEC25-180000-P
2025-08-16T22:49:19.994339,2025-12-26,1766736000000,190000.0,46.02,put,BTC-26DEC25-190000-P
2025-08-16T22:49:20.949515,2025-12-26,1766736000000,200000.0,46.83,put,BTC-26DEC25-200000-P
2025-08-16T22:49:21.979862,2025-12-26,1766736000000,210000.0,48.2,put,BTC-26DEC25-210000-P
2025-08-16T22:49:22.991790,2025-12-26,1766736000000,220000.0,49.46,put,BTC-26DEC25-220000-P
2025-08-16T22:49:23.981137,2025-12-26,1766736000000,230000.0,50.64,put,BTC-26DEC25-230000-P
2025-08-16T22:49:26.358916,2025-12-26,1766736000000,240000.0,51.97,put,BTC-26DEC25-240000-P
2025-08-16T22:49:27.368182,2025-12-26,1766736000000,260000.0,54.56,put,BTC-26DEC25-260000-P
2025-08-16T22:49:28.358619,2025-12-26,1766736000000,280000.0,57.18,put,BTC-26DEC25-280000-P
2025-08-16T22:49:29.360647,2025-12-26,1766736000000,300000.0,59.7,put,BTC-26DEC25-300000-P
2025-08-16T22:49:31.329579,2025-12-26,1766736000000,320000.0,62.07,put,BTC-26DEC25-320000-P
2025-08-16T22:49:32.290672,2025-12-26,1766736000000,340000.0,64.6,put,BTC-26DEC25-340000-P
2025-08-16T22:49:33.258101,2025-12-26,1766736000000,400000.0,68.9,put,BTC-26DEC25-400000-P
2025-08-16T22:49:34.253102,2026-03-27,1774598400000,20000.0,81.23,call,BTC-27MAR26-20000-C
2025-08-16T22:49:35.276310,2026-03-27,1774598400000,30000.0,74.83,call,BTC-27MAR26-30000-C
2025-08-16T22:49:36.275044,2026-03-27,1774598400000,40000.0,65.44,call,BTC-27MAR26-40000-C
2025-08-16T22:49:37.264727,2026-03-27,1774598400000,50000.0,59.4,call,BTC-27MAR26-50000-C
2025-08-16T22:49:38.319177,2026-03-27,1774598400000,60000.0,54.65,call,BTC-27MAR26-60000-C
2025-08-16T22:49:39.252660,2026-03-27,1774598400000,65000.0,52.91,call,BTC-27MAR26-65000-C
2025-08-16T22:49:40.252743,2026-03-27,1774598400000,70000.0,50.97,call,BTC-27MAR26-70000-C
2025-08-16T22:49:41.281065,2026-03-27,1774598400000,75000.0,49.5,call,BTC-27MAR26-75000-C
2025-08-16T22:49:42.314392,2026-03-27,1774598400000,80000.0,48.4,call,BTC-27MAR26-80000-C
2025-08-16T22:49:43.290363,2026-03-27,1774598400000,85000.0,47.13,call,BTC-27MAR26-85000-C
2025-08-16T22:49:44.320887,2026-03-27,1774598400000,90000.0,46.51,call,BTC-27MAR26-90000-C
2025-08-16T22:49:45.311292,2026-03-27,1774598400000,95000.0,46.01,call,BTC-27MAR26-95000-C
2025-08-16T22:49:46.309828,2026-03-27,1774598400000,100000.0,45.5,call,BTC-27MAR26-100000-C
2025-08-16T22:49:47.277433,2026-03-27,1774598400000,105000.0,45.22,call,BTC-27MAR26-105000-C
2025-08-16T22:49:48.290697,2026-03-27,1774598400000,110000.0,45.03,call,BTC-27MAR26-110000-C
2025-08-16T22:49:49.293608,2026-03-27,1774598400000,115000.0,44.9,call,BTC-27MAR26-115000-C
2025-08-16T22:49:50.326774,2026-03-27,1774598400000,120000.0,44.81,call,BTC-27MAR26-120000-C
2025-08-16T22:49:51.343289,2026-03-27,1774598400000,125000.0,44.82,call,BTC-27MAR26-125000-C
2025-08-16T22:49:52.334514,2026-03-27,1774598400000,130000.0,45.11,call,BTC-27MAR26-130000-C
2025-08-16T22:49:53.351811,2026-03-27,1774598400000,135000.0,45.01,call,BTC-27MAR26-135000-C
2025-08-16T22:49:55.360184,2026-03-27,1774598400000,140000.0,45.17,call,BTC-27MAR26-140000-C
2025-08-16T22:49:56.355526,2026-03-27,1774598400000,145000.0,45.34,call,BTC-27MAR26-145000-C
2025-08-16T22:49:57.353734,2026-03-27,1774598400000,150000.0,45.53,call,BTC-27MAR26-150000-C
2025-08-16T22:49:58.461480,2026-03-27,1774598400000,155000.0,45.76,call,BTC-27MAR26-155000-C
2025-08-16T22:49:59.465879,2026-03-27,1774598400000,160000.0,45.92,call,BTC-27MAR26-160000-C
2025-08-16T22:50:00.537125,2026-03-27,1774598400000,170000.0,46.33,call,BTC-27MAR26-170000-C
2025-08-16T22:50:01.520845,2026-03-27,1774598400000,180000.0,46.74,call,BTC-27MAR26-180000-C
2025-08-16T22:50:02.553090,2026-03-27,1774598400000,190000.0,47.09,call,BTC-27MAR26-190000-C
2025-08-16T22:50:03.546641,2026-03-27,1774598400000,200000.0,47.61,call,BTC-27MAR26-200000-C
2025-08-16T22:50:05.725702,2026-03-27,1774598400000,210000.0,47.79,call,BTC-27MAR26-210000-C
2025-08-16T22:50:06.787579,2026-03-27,1774598400000,220000.0,48.33,call,BTC-27MAR26-220000-C
2025-08-16T22:50:07.762565,2026-03-27,1774598400000,230000.0,48.89,call,BTC-27MAR26-230000-C
2025-08-16T22:50:08.827786,2026-03-27,1774598400000,240000.0,49.42,call,BTC-27MAR26-240000-C
2025-08-16T22:50:09.852994,2026-03-27,1774598400000,260000.0,50.26,call,BTC-27MAR26-260000-C
2025-08-16T22:50:10.856102,2026-03-27,1774598400000,280000.0,51.34,call,BTC-27MAR26-280000-C
2025-08-16T22:50:11.829890,2026-03-27,1774598400000,300000.0,52.53,call,BTC-27MAR26-300000-C
2025-08-16T22:50:12.861556,2026-03-27,1774598400000,320000.0,53.35,call,BTC-27MAR26-320000-C
2025-08-16T22:50:13.846793,2026-03-27,1774598400000,340000.0,54.65,call,BTC-27MAR26-340000-C
2025-08-16T22:50:14.826626,2026-03-27,1774598400000,20000.0,81.23,put,BTC-27MAR26-20000-P
2025-08-16T22:50:17.025124,2026-03-27,1774598400000,30000.0,74.84,put,BTC-27MAR26-30000-P
2025-08-16T22:50:18.046430,2026-03-27,1774598400000,40000.0,65.45,put,BTC-27MAR26-40000-P
2025-08-16T22:50:19.061505,2026-03-27,1774598400000,50000.0,59.4,put,BTC-27MAR26-50000-P
2025-08-16T22:50:20.101092,2026-03-27,1774598400000,60000.0,54.65,put,BTC-27MAR26-60000-P
2025-08-16T22:50:21.080816,2026-03-27,1774598400000,65000.0,52.9,put,BTC-27MAR26-65000-P
2025-08-16T22:50:22.088816,2026-03-27,1774598400000,70000.0,50.97,put,BTC-27MAR26-70000-P
2025-08-16T22:50:23.070177,2026-03-27,1774598400000,75000.0,49.5,put,BTC-27MAR26-75000-P
2025-08-16T22:50:24.068521,2026-03-27,1774598400000,80000.0,48.4,put,BTC-27MAR26-80000-P
2025-08-16T22:50:25.051757,2026-03-27,1774598400000,85000.0,47.13,put,BTC-27MAR26-85000-P
2025-08-16T22:50:26.031113,2026-03-27,1774598400000,90000.0,46.52,put,BTC-27MAR26-90000-P
2025-08-16T22:50:27.051150,2026-03-27,1774598400000,95000.0,46.01,put,BTC-27MAR26-95000-P
2025-08-16T22:50:28.038545,2026-03-27,1774598400000,100000.0,45.5,put,BTC-27MAR26-100000-P
2025-08-16T22:50:29.078585,2026-03-27,1774598400000,105000.0,45.21,put,BTC-27MAR26-105000-P
2025-08-16T22:50:30.042189,2026-03-27,1774598400000,110000.0,45.03,put,BTC-27MAR26-110000-P
2025-08-16T22:50:31.020335,2026-03-27,1774598400000,115000.0,44.9,put,BTC-27MAR26-115000-P
2025-08-16T22:50:32.024899,2026-03-27,1774598400000,120000.0,44.82,put,BTC-27MAR26-120000-P
2025-08-16T22:50:33.021831,2026-03-27,1774598400000,125000.0,44.83,put,BTC-27MAR26-125000-P
2025-08-16T22:50:34.003588,2026-03-27,1774598400000,130000.0,45.11,put,BTC-27MAR26-130000-P
2025-08-16T22:50:34.983789,2026-03-27,1774598400000,135000.0,45.01,put,BTC-27MAR26-135000-P
2025-08-16T22:50:35.951586,2026-03-27,1774598400000,140000.0,45.16,put,BTC-27MAR26-140000-P
2025-08-16T22:50:38.223243,2026-03-27,1774598400000,145000.0,45.34,put,BTC-27MAR26-145000-P
2025-08-16T22:50:39.238369,2026-03-27,1774598400000,150000.0,45.53,put,BTC-27MAR26-150000-P
2025-08-16T22:50:40.259913,2026-03-27,1774598400000,155000.0,45.76,put,BTC-27MAR26-155000-P
2025-08-16T22:50:41.197066,2026-03-27,1774598400000,160000.0,45.93,put,BTC-27MAR26-160000-P
2025-08-16T22:50:42.178872,2026-03-27,1774598400000,170000.0,46.33,put,BTC-27MAR26-170000-P
2025-08-16T22:50:43.163922,2026-03-27,1774598400000,180000.0,46.74,put,BTC-27MAR26-180000-P
2025-08-16T22:50:44.167570,2026-03-27,1774598400000,190000.0,47.09,put,BTC-27MAR26-190000-P
2025-08-16T22:50:45.184569,2026-03-27,1774598400000,200000.0,47.6,put,BTC-27MAR26-200000-P
2025-08-16T22:50:46.221985,2026-03-27,1774598400000,210000.0,47.79,put,BTC-27MAR26-210000-P
2025-08-16T22:50:47.171507,2026-03-27,1774598400000,220000.0,48.32,put,BTC-27MAR26-220000-P
2025-08-16T22:50:48.177545,2026-03-27,1774598400000,230000.0,48.89,put,BTC-27MAR26-230000-P
2025-08-16T22:50:49.162793,2026-03-27,1774598400000,240000.0,49.42,put,BTC-27MAR26-240000-P
2025-08-16T22:50:50.157282,2026-03-27,1774598400000,260000.0,50.26,put,BTC-27MAR26-260000-P
2025-08-16T22:50:51.138582,2026-03-27,1774598400000,280000.0,51.34,put,BTC-27MAR26-280000-P
2025-08-16T22:50:52.167056,2026-03-27,1774598400000,300000.0,52.52,put,BTC-27MAR26-300000-P
2025-08-16T22:50:53.179776,2026-03-27,1774598400000,320000.0,53.34,put,BTC-27MAR26-320000-P
2025-08-16T22:50:54.129254,2026-03-27,1774598400000,340000.0,54.65,put,BTC-27MAR26-340000-P
2025-08-16T22:50:55.140165,2026-06-26,1782460800000,20000.0,75.5,call,BTC-26JUN26-20000-C
2025-08-16T22:50:56.123872,2026-06-26,1782460800000,30000.0,66.37,call,BTC-26JUN26-30000-C
2025-08-16T22:50:57.146746,2026-06-26,1782460800000,40000.0,62.36,call,BTC-26JUN26-40000-C
2025-08-16T22:50:58.154942,2026-06-26,1782460800000,50000.0,57.56,call,BTC-26JUN26-50000-C
2025-08-16T22:50:59.145236,2026-06-26,1782460800000,60000.0,53.72,call,BTC-26JUN26-60000-C
2025-08-16T22:51:00.550419,2026-06-26,1782460800000,70000.0,50.7,call,BTC-26JUN26-70000-C
2025-08-16T22:51:01.552242,2026-06-26,1782460800000,80000.0,49.13,call,BTC-26JUN26-80000-C
2025-08-16T22:51:02.531269,2026-06-26,1782460800000,85000.0,48.38,call,BTC-26JUN26-85000-C
2025-08-16T22:51:05.529112,2026-06-26,1782460800000,90000.0,48.0,call,BTC-26JUN26-90000-C
2025-08-16T22:51:06.574848,2026-06-26,1782460800000,95000.0,47.46,call,BTC-26JUN26-95000-C
2025-08-16T22:51:07.563095,2026-06-26,1782460800000,100000.0,47.46,call,BTC-26JUN26-100000-C
2025-08-16T22:51:08.658606,2026-06-26,1782460800000,105000.0,46.87,call,BTC-26JUN26-105000-C
2025-08-16T22:51:09.666046,2026-06-26,1782460800000,110000.0,46.69,call,BTC-26JUN26-110000-C
2025-08-16T22:51:10.674426,2026-06-26,1782460800000,115000.0,46.59,call,BTC-26JUN26-115000-C
2025-08-16T22:51:11.690004,2026-06-26,1782460800000,120000.0,46.59,call,BTC-26JUN26-120000-C
2025-08-16T22:51:12.652706,2026-06-26,1782460800000,125000.0,46.62,call,BTC-26JUN26-125000-C
2025-08-16T22:51:13.639657,2026-06-26,1782460800000,130000.0,46.76,call,BTC-26JUN26-130000-C
2025-08-16T22:51:14.611002,2026-06-26,1782460800000,135000.0,46.71,call,BTC-26JUN26-135000-C
2025-08-16T22:51:15.594619,2026-06-26,1782460800000,140000.0,46.77,call,BTC-26JUN26-140000-C
2025-08-16T22:51:16.602693,2026-06-26,1782460800000,145000.0,46.85,call,BTC-26JUN26-145000-C
2025-08-16T22:51:18.758654,2026-06-26,1782460800000,150000.0,47.11,call,BTC-26JUN26-150000-C
2025-08-16T22:51:19.744396,2026-06-26,1782460800000,155000.0,47.11,call,BTC-26JUN26-155000-C
2025-08-16T22:51:20.766247,2026-06-26,1782460800000,160000.0,47.17,call,BTC-26JUN26-160000-C
2025-08-16T22:51:21.730262,2026-06-26,1782460800000,165000.0,47.3,call,BTC-26JUN26-165000-C
2025-08-16T22:51:22.741908,2026-06-26,1782460800000,170000.0,47.66,call,BTC-26JUN26-170000-C
2025-08-16T22:51:23.722125,2026-06-26,1782460800000,180000.0,47.73,call,BTC-26JUN26-180000-C
2025-08-16T22:51:24.686262,2026-06-26,1782460800000,190000.0,47.99,call,BTC-26JUN26-190000-C
2025-08-16T22:51:25.674664,2026-06-26,1782460800000,200000.0,48.39,call,BTC-26JUN26-200000-C
2025-08-16T22:51:26.662091,2026-06-26,1782460800000,210000.0,48.63,call,BTC-26JUN26-210000-C
2025-08-16T22:51:29.740891,2026-06-26,1782460800000,220000.0,49.01,call,BTC-26JUN26-220000-C
2025-08-16T22:51:30.841697,2026-06-26,1782460800000,230000.0,49.07,call,BTC-26JUN26-230000-C
2025-08-16T22:51:31.884182,2026-06-26,1782460800000,240000.0,49.29,call,BTC-26JUN26-240000-C
2025-08-16T22:51:34.912287,2026-06-26,1782460800000,250000.0,49.57,call,BTC-26JUN26-250000-C
2025-08-16T22:51:35.861222,2026-06-26,1782460800000,260000.0,49.8,call,BTC-26JUN26-260000-C
2025-08-16T22:51:36.859659,2026-06-26,1782460800000,280000.0,50.27,call,BTC-26JUN26-280000-C
2025-08-16T22:51:39.862635,2026-06-26,1782460800000,300000.0,50.75,call,BTC-26JUN26-300000-C
2025-08-16T22:51:42.148065,2026-06-26,1782460800000,320000.0,51.4,call,BTC-26JUN26-320000-C
2025-08-16T22:51:43.117650,2026-06-26,1782460800000,340000.0,51.9,call,BTC-26JUN26-340000-C
2025-08-16T22:51:45.279845,2026-06-26,1782460800000,360000.0,52.76,call,BTC-26JUN26-360000-C
2025-08-16T22:51:46.263130,2026-06-26,1782460800000,380000.0,53.77,call,BTC-26JUN26-380000-C
2025-08-16T22:51:47.225050,2026-06-26,1782460800000,20000.0,75.5,put,BTC-26JUN26-20000-P
2025-08-16T22:51:48.216923,2026-06-26,1782460800000,30000.0,66.37,put,BTC-26JUN26-30000-P
2025-08-16T22:51:49.221166,2026-06-26,1782460800000,40000.0,62.37,put,BTC-26JUN26-40000-P
2025-08-16T22:51:51.690626,2026-06-26,1782460800000,50000.0,57.56,put,BTC-26JUN26-50000-P
2025-08-16T22:51:54.781775,2026-06-26,1782460800000,60000.0,53.69,put,BTC-26JUN26-60000-P
2025-08-16T22:51:55.747999,2026-06-26,1782460800000,70000.0,50.7,put,BTC-26JUN26-70000-P
2025-08-16T22:51:56.702462,2026-06-26,1782460800000,80000.0,49.12,put,BTC-26JUN26-80000-P
2025-08-16T22:51:57.709978,2026-06-26,1782460800000,85000.0,48.39,put,BTC-26JUN26-85000-P
2025-08-16T22:51:58.723426,2026-06-26,1782460800000,90000.0,48.0,put,BTC-26JUN26-90000-P
2025-08-16T22:51:59.715564,2026-06-26,1782460800000,95000.0,47.45,put,BTC-26JUN26-95000-P
2025-08-16T22:52:00.691725,2026-06-26,1782460800000,100000.0,47.45,put,BTC-26JUN26-100000-P
2025-08-16T22:52:01.677638,2026-06-26,1782460800000,105000.0,46.87,put,BTC-26JUN26-105000-P
2025-08-16T22:52:02.659664,2026-06-26,1782460800000,110000.0,46.69,put,BTC-26JUN26-110000-P
2025-08-16T22:52:03.667991,2026-06-26,1782460800000,115000.0,46.59,put,BTC-26JUN26-115000-P
2025-08-16T22:52:04.610165,2026-06-26,1782460800000,120000.0,46.58,put,BTC-26JUN26-120000-P
2025-08-16T22:52:05.587438,2026-06-26,1782460800000,125000.0,46.62,put,BTC-26JUN26-125000-P
2025-08-16T22:52:06.621039,2026-06-26,1782460800000,130000.0,46.75,put,BTC-26JUN26-130000-P
2025-08-16T22:52:09.635745,2026-06-26,1782460800000,135000.0,46.71,put,BTC-26JUN26-135000-P
2025-08-16T22:52:10.686851,2026-06-26,1782460800000,140000.0,46.77,put,BTC-26JUN26-140000-P
2025-08-16T22:52:11.671331,2026-06-26,1782460800000,145000.0,46.85,put,BTC-26JUN26-145000-P
2025-08-16T22:52:12.668161,2026-06-26,1782460800000,150000.0,47.11,put,BTC-26JUN26-150000-P
2025-08-16T22:52:15.008102,2026-06-26,1782460800000,155000.0,47.11,put,BTC-26JUN26-155000-P
2025-08-16T22:52:15.983392,2026-06-26,1782460800000,160000.0,47.16,put,BTC-26JUN26-160000-P
2025-08-16T22:52:16.969084,2026-06-26,1782460800000,165000.0,47.29,put,BTC-26JUN26-165000-P
2025-08-16T22:52:17.965370,2026-06-26,1782460800000,170000.0,47.66,put,BTC-26JUN26-170000-P
2025-08-16T22:52:18.986906,2026-06-26,1782460800000,180000.0,47.72,put,BTC-26JUN26-180000-P
2025-08-16T22:52:20.013784,2026-06-26,1782460800000,190000.0,47.99,put,BTC-26JUN26-190000-P
2025-08-16T22:52:21.036660,2026-06-26,1782460800000,200000.0,48.38,put,BTC-26JUN26-200000-P
2025-08-16T22:52:22.029592,2026-06-26,1782460800000,210000.0,48.63,put,BTC-26JUN26-210000-P
2025-08-16T22:52:23.002866,2026-06-26,1782460800000,220000.0,49.01,put,BTC-26JUN26-220000-P
2025-08-16T22:52:24.007016,2026-06-26,1782460800000,230000.0,49.07,put,BTC-26JUN26-230000-P
2025-08-16T22:52:25.004435,2026-06-26,1782460800000,240000.0,49.29,put,BTC-26JUN26-240000-P
2025-08-16T22:52:25.993425,2026-06-26,1782460800000,250000.0,49.57,put,BTC-26JUN26-250000-P
2025-08-16T22:52:27.016455,2026-06-26,1782460800000,260000.0,49.8,put,BTC-26JUN26-260000-P
2025-08-16T22:52:28.061075,2026-06-26,1782460800000,280000.0,50.27,put,BTC-26JUN26-280000-P
2025-08-16T22:52:29.068888,2026-06-26,1782460800000,300000.0,50.75,put,BTC-26JUN26-300000-P
2025-08-16T22:52:30.051087,2026-06-26,1782460800000,320000.0,51.4,put,BTC-26JUN26-320000-P
2025-08-16T22:52:31.072515,2026-06-26,1782460800000,340000.0,51.9,put,BTC-26JUN26-340000-P
2025-08-16T22:52:32.048248,2026-06-26,1782460800000,360000.0,52.75,put,BTC-26JUN26-360000-P
2025-08-16T22:52:34.074277,2026-06-26,1782460800000,380000.0,53.77,put,BTC-26JUN26-380000-P
